{"cameraMode":{"drawMode":0,"name":"Shaded","section":"Shading Mode"},"sceneLighting":true,"audioPlay":false,"sceneViewState":{"m_AlwaysRefresh":false,"showFog":true,"showSkybox":true,"showFlares":true,"showImageEffects":true,"showParticleSystems":true,"showVisualEffectGraphs":true,"m_FxEnabled":true},"in2DMode":false,"pivot":{"x":-0.4811958968639374,"y":-0.3441826105117798,"z":-1.0080606937408448},"rotation":{"x":-0.040976814925670627,"y":0.9570946097373962,"z":-0.23148976266384126,"w":-0.16941945254802705},"size":2.200397253036499,"orthographic":false}